{"max":0.9866666666666667,"max_step":3,"min":0.9533333333333334,"min_step":0,"num":50}