{"max":0.9436970602889886,"max_step":0,"min":0.9412057797708022,"min_step":1,"num":2}