{"max":0.9436970602889886,"max_step":0,"min":0.9436970602889886,"min_step":0,"num":1}